month,commits,additions,deletions,churn
2001-12,8,1914,46,1960
2002-01,117,90283,3126,93409
2002-02,39,2918,856,3774
2002-03,23,4943,129,5072
2002-04,55,8079,3734,11813
2002-05,17,435,167,602
2002-06,15,6423,2801,9224
2002-07,7,107,35,142
2002-08,14,573,393,966
2002-09,59,42043,14797,56840
2002-10,40,3978,1959,5937
2002-11,17,453,77,530
2002-12,5,216,41,257
2003-01,14,628,145,773
2003-02,21,562,122,684
2003-03,34,1276,332,1608
2003-04,5,218,17,235
2003-05,5,172,33,205
2003-06,2,7,7,14
2003-08,9,176,63,239
2003-09,27,1866,994,2860
2003-10,38,1582,1625,3207
2003-11,12,80,60,140
2003-12,15,209,114,323
2004-01,18,3797,138,3935
2004-02,71,2527,136139,138666
2004-03,50,471,163,634
2004-04,34,1340,137,1477
2004-05,33,1051,138,1189
2004-06,16,1610,99,1709
2004-08,2,40,21,61
2004-09,20,891,662,1553
2004-10,27,344,233,577
2004-11,38,2242,501,2743
2004-12,10,1019,687,1706
2005-01,11,131,114,245
2005-02,1,4,0,4
2005-03,12,294,118,412
2005-04,1,1346,0,1346
2005-05,4,51,48,99
2005-06,4,55,16,71
2005-07,3,46,24,70
2005-08,8,77,1,78
2005-09,143,175445,46928,222373
2005-10,255,14715,10649,25364
2005-11,134,38640,28409,67049
2005-12,194,15522,14011,29533
2006-01,265,15358,141037,156395
2006-02,135,7358,4061,11419
2006-03,134,8344,4233,12577
2006-04,137,4118,1997,6115
2006-05,86,2642,574,3216
2006-06,154,23957,12439,36396
2006-07,208,35259,208703,243962
2006-08,147,13071,7324,20395
2006-09,135,8506,4644,13150
2006-10,179,18503,8558,27061
2006-11,41,4978,2542,7520
2006-12,26,3846,2749,6595
2007-01,33,3912,3747,7659
2007-02,41,2421,1348,3769
2007-03,60,12764,7147,19911
2007-04,89,10075,7171,17246
2007-05,111,4873,3242,8115
2007-06,24,650,398,1048
2007-07,61,1653,1092,2745
2007-08,50,28366,25046,53412
2007-09,67,6106,3385,9491
2007-10,35,1077,928,2005
2007-11,34,4183,1397,5580
2007-12,98,15891,237886,253777
2008-01,82,3095,1101,4196
2008-02,61,5916,3937,9853
2008-03,115,4277,2913,7190
2008-04,164,16516,11260,27776
2008-05,100,20563,18953,39516
2008-06,70,9408,7136,16544
2008-07,165,7525,26470,33995
2008-08,119,105501,14346,119847
2008-09,110,3922,3501,7423
2008-10,49,23872,7694,31566
2008-11,136,8524,16342,24866
2008-12,133,3338,2700,6038
2009-01,49,5608,535,6143
2009-02,146,14608,9698,24306
2009-03,242,27123,6840,33963
2009-04,103,49332,32687,82019
2009-05,71,5232,6817,12049
2009-06,56,8393,4373,12766
2009-07,183,6975,2609,9584
2009-08,80,10051,5658,15709
2009-09,71,2332,1868,4200
2009-10,190,23973,11650,35623
2009-11,178,23561,4014,27575
2009-12,190,9185,5002,14187
2010-01,40,738,450,1188
2010-02,175,14500,10059,24559
2010-03,40,2844,2754,5598
2010-04,41,881,413,1294
2010-05,74,3607,2504,6111
2010-06,18,1974,148,2122
2010-07,63,3268,2241,5509
2010-08,50,2969,707,3676
2010-09,37,731,2108,2839
2010-10,48,10629,10193,20822
2010-11,33,936,373,1309
2010-12,27,5671,1402,7073
2011-01,182,45001,23275,68276
2011-02,46,5769,2655,8424
2011-03,161,27282,18119,45401
2011-04,87,2554,1594,4148
2011-05,49,7425,3675,11100
2011-06,127,16908,7916,24824
2011-07,120,18116,13915,32031
2011-08,267,30147,11895,42042
2011-09,17,260,126,386
2011-10,44,1164,475,1639
2011-11,3,55,8,63
2011-12,22,12839,10798,23637
2012-01,61,12430,7440,19870
2012-02,72,5724,4578,10302
2012-03,76,6693,5395,12088
2012-04,62,6698,4725,11423
2012-05,54,2296,1337,3633
2012-06,58,3013,12549,15562
2012-07,74,13726,12327,26053
2012-08,20,172,54,226
2012-09,59,9088,8359,17447
2012-10,41,700,435,1135
2012-11,59,585,304,889
2012-12,68,5998,5229,11227
2013-01,64,964,2752,3716
2013-02,47,832,532,1364
2013-03,59,8411,6256,14667
2013-04,211,172020,86484,258504
2013-05,112,10121,7250,17371
2013-06,121,7273,3588,10861
2013-07,50,1128,5420,6548
2013-08,172,16909,11640,28549
2013-09,102,4391,14805,19196
2013-10,91,3971,6105,10076
2013-11,52,1216,697,1913
2013-12,39,874,283,1157
2014-01,78,11795,11731,23526
2014-02,161,13382,9433,22815
2014-03,149,13515,91851,105366
2014-04,41,3125,29723,32848
2014-05,88,3460,5158,8618
2014-06,47,1011,467,1478
2014-07,87,3562,2404,5966
2014-08,38,563,261,824
2014-09,79,3986,3262,7248
2014-10,57,1474,960,2434
2014-11,52,1490,981,2471
2014-12,34,495,253,748
2015-01,73,3557,1551,5108
2015-02,68,3548,1544,5092
2015-03,57,2056,1143,3199
2015-04,44,1164,615,1779
2015-05,57,2120,664,2784
2015-06,93,4053,1842,5895
2015-07,61,11617,9966,21583
2015-08,88,5465,1734,7199
2015-09,48,1433,834,2267
2015-10,113,4006,1883,5889
2015-11,51,927,1008,1935
2015-12,82,1600,1064,2664
2016-01,180,6359,3209,9568
2016-02,99,2498,1399,3897
2016-03,61,2296,1058,3354
2016-04,34,1005,659,1664
2016-05,47,1014,386,1400
2016-06,46,1496,587,2083
2016-07,26,503,364,867
2016-08,34,1684,478,2162
2016-09,66,4994,1730,6724
2016-10,70,1678,497,2175
2016-11,44,2165,841,3006
2016-12,59,106815,111573,218388
2017-01,82,3250,1344,4594
2017-02,105,2994,15195,18189
2017-03,118,135167,114361,249528
2017-04,138,7565,4564,12129
2017-05,108,3213,1606,4819
2017-06,68,3540,11724,15264
2017-07,83,7991,6546,14537
2017-08,77,1742,1013,2755
2017-09,136,3923,2702,6625
2017-10,90,1503,837,2340
2017-11,133,10278,3537,13815
2017-12,124,9439,5094,14533
2018-01,91,1838,877,2715
2018-02,69,1927,1727,3654
2018-03,92,3160,1478,4638
2018-04,142,11473,8542,20015
2018-05,105,3037,1314,4351
2018-06,157,8477,4695,13172
2018-07,132,4789,1940,6729
2018-08,88,2542,2170,4712
2018-09,168,6612,2835,9447
2018-10,167,7895,3212,11107
2018-11,98,3963,2331,6294
2018-12,107,8095,6031,14126
2019-01,110,7419,1860,9279
2019-02,73,2558,1928,4486
2019-03,97,2769,3375,6144
2019-04,133,4696,2508,7204
2019-05,279,105945,59723,165668
2019-06,137,15172,28539,43711
2019-07,190,5595,2062,7657
2019-08,153,3174,1906,5080
2019-09,164,5438,2540,7978
2019-10,154,5948,2998,8946
2019-11,90,3433,3826,7259
2019-12,105,3323,1583,4906
2020-01,227,11115,10245,21360
2020-02,113,3559,4144,7703
2020-03,125,9194,2818,12012
2020-04,105,2356,999,3355
2020-05,216,5733,3813,9546
2020-06,189,18239,2147,20386
2020-07,211,12132,18240,30372
2020-08,210,9240,6713,15953
2020-09,222,15274,9776,25050
2020-10,283,19953,5170,25123
2020-11,179,13971,4909,18880
2020-12,182,9542,4621,14163
2021-01,176,9189,4047,13236
2021-02,233,13819,5312,19131
2021-03,208,7448,3710,11158
2021-04,169,6709,4100,10809
2021-05,292,13499,4690,18189
2021-06,221,9674,4302,13976
2021-07,231,58179,25884,84063
2021-08,177,125485,123324,248809
2021-09,217,11927,6452,18379
2021-10,215,14277,4610,18887
2021-11,225,13407,8597,22004
2021-12,153,9040,6997,16037
2022-01,242,17211,7574,24785
2022-02,133,7718,4304,12022
2022-03,103,9911,8049,17960
2022-04,85,3946,1541,5487
2022-05,175,12254,6595,18849
2022-06,296,10928,4775,15703
2022-07,113,2362,1467,3829
2022-08,74,3420,1450,4870
2022-09,96,3309,1886,5195
2022-10,119,4061,3305,7366
2022-11,157,7219,3851,11070
2022-12,165,7168,3815,10983
2023-01,230,12309,10630,22939
2023-02,202,6839,4588,11427
2023-03,176,3515,3254,6769
2023-04,179,6112,3239,9351
2023-05,160,4118,2267,6385
2023-06,234,20399,20258,40657
2023-07,260,7134,5498,12632
2023-08,229,14650,12000,26650
2023-09,177,15583,20019,35602
2023-10,185,12336,9029,21365
2023-11,301,17457,6878,24335
2023-12,234,7898,4992,12890
2024-01,170,11063,5740,16803
2024-02,211,21703,11967,33670
2024-03,209,7051,14654,21705
2024-04,142,2412,1684,4096
2024-05,166,3905,1846,5751
2024-06,244,8711,5238,13949
2024-07,239,11288,6448,17736
2024-08,183,7014,3874,10888
2024-09,122,2768,2065,4833
2024-10,138,7830,3396,11226
2024-11,135,5136,3404,8540
2024-12,153,12579,8533,21112
2025-01,139,4827,3618,8445
2025-02,95,3731,1213,4944
2025-03,153,6810,3916,10726
2025-04,188,8089,6962,15051
2025-05,238,10613,7565,18178
2025-06,97,5729,1896,7625
2025-07,105,3362,1885,5247
2025-08,104,4720,3542,8262
2025-09,137,7479,8251,15730
2025-10,274,10039,7461,17500
2025-11,146,8621,5588,14209
2025-12,49,6394,29653,36047
